	14C	22C	38C	46C	6C	10C	26C	2C	34C	42C	13C	21C	29C	37C	45C	5C	17C	1C	25C	33C	41C	9C	15C	23C	39C	47C	7C	11C	19C	27C	35C	3C	43C	16C	24C	40C	48C	8C	12C	20C	28C	36C	44C	4C
ENSMFAG00000000025	185.6624	446.446	293.948	191.735	231.701	112.432	131.696	150.166	152.891	262.368	258.055	171.956	210.666	178.309	205.603	131.729	155.981	153.095	232.0152	191.645	268.849	393.572	234.758	153.063	114.073	255.041	56.3471	220.942	88.443	142.45	93.6797	507.342	94.4847	107.705	271.376	134.116	135.59	94.9506	104.324	55.0436	140.42	207.759	78.4334	129.012
ENSMFAG00000000026	194.723	478.823	415.412	182.766	328.2	210.984	189.603	554.678	440.345	134.765	12.5859	0	0	0	22.4188	16.4505	19.9758	0	0	1.00813	46.7527	11	0	0	0	0	0	0	0	0	0	0	0	0	2.33945	5.42888	2	0	0	0	0	8.27304	6	0
ENSMFAG00000000027	5	5	3	0	4	0	2	4	2	1	16	2	6	1	0	1	3	12	8	4	7	8	19	3	1	6	2	13	4	2	1	0	0	3	13	6	4	0	3	1	0	7	2	8.72686
ENSMFAG00000000028	0	0	0	0	0	0	0	0	0	0	0	0	0	0	0	0	0	0	0	0	0	0	0	0	0	0	0	0	0	0	0	0	0	0	0	0	0	0	0	0	0	0	0	0
ENSMFAG00000000029	0	0	0	0	3	0	0	0	0	0	0	0	0	0	0	0	0	0	0	0	0	0	0	0	0	0	0	0	0	0	0	0	0	0	0	0	0	0	0	0	0	0	0	0
ENSMFAG00000000030	33.2308	148.025	81.9286	56.3271	123.354	108.952	41.3529	172.15	111.14	42.8571	31.3875	37.4952	5.78571	34.3636	30.6429	29.8378	56.3158	63.8641	38.7209	34.8372	27.7895	99.8516	5.625	2.25	2	4	0.5	2.25	5.5	0	7.5	0	3.25	811.063	1114.21	558.393	408.172	1135.93	621.617	492.843	232.853	1080.85	388.509	855.053
ENSMFAG00000000031	0	0	0	0	0	1.01923	1.0152	0	0	2.02624	0	0	0	0	0	1.00972	0	0	0	2.0201	0	0	0	0	0	1.0096	0	1.01139	0	0	0	3.04758	0	0	0	0	0	0	0	0	0	0	0	0
ENSMFAG00000000033	475.001	738.63	1381.09	384.034	1023.69	420.76	625.892	910.211	1085.44	703.251	773.89	869.951	550.577	497.354	852.842	557.325	900.988	1516.26	775.568	472.384	741.329	554.048	549.971	777.437	411.021	481.997	81.9939	674.809	212.828	304.43	249.188	407.069	302.527	1072.21	968.1	2030.92	1838.31	264.111	390.612	598.308	748.199	3218.5	1790.45	684.404
ENSMFAG00000000034	10	25	89	29	58	0	0	50	0	3	0	17	13	0	0	0	6	0	55	0	0	0	0	0	0	0	0	0	1	0	0	0	0	0	7	20	22	0	112	0	14	46	23	37
ENSMFAG00000000035	0	0	0	0	0	0	0	0	0	0	0	0	0	0	0	0	0	0	0	0	0	0	1	0	0	0	0	0	0	0	0	0	0	152	10	94	6	336	124	13	0	167	32	65
ENSMFAG00000000036	0	0	0	0	0	0	0	0	0	0	0	0	0	0	19	0	0	0	7	0	0	0	0	1	1	0	0	0	0	0	0	0	0	0	0	0	0	0	0	0	0	0	0	0
ENSMFAG00000000037	11468.96813	17589.03457	19850.98892	13397.95928	15957.03724	13845	7654.99935	22800.02123	20215.9645	14243.01737	3878.99859	5253.00311	5107.00487	5036.99983	5475	4297	5891.00465	8933	4823	7853.9974	6116.9954	5851.00089	8099	16249.9762	16054.0096	15060.9672	8392.99647	14163.99051	19200.9843	15867.96817	22536.97221	45961.0409	27023.9862	8818.9955	11144.96397	10924.96111	13719.04501	8065.99849	16245.9523	13592.01182	17518.96463	40793.0004	20417.0052	17507.97091
ENSMFAG00000000038	1228	1467	3053.997	1068	1880.003	1019	889	3679	2653.997	2334.998	583	594	575	606	693	684	733	639	541	1083.9996	688	1001.0002	702	1533	1311	1459.996	565	15.999980652391	709	776	1235.9998	8449.99621	1393.99945	689	1058	1526.99961	1392.997	671.0000134406	258.0001	697	106	2618.005	898	269.9997
ENSMFAG00000000039	1639	2498	4671	2465	4626	1827	4014	2264	1881	1372	24774	44719	28136	42581	44524	35399	36141	35121	24103	30972	30507	28196	11491	42872	18105	13253	7307	2772	13428	3129	12173	7688	3526	78718	65162	52703	55030	72250	68273	31430	61964	77622	28124	37255
ENSMFAG00000000040	5	607	558	98.99997	7	0	179	101	315	72	0	0	1	13.99996	186	231	0	0	116.000068	1	2	0	3	0	0	48.00002	0	0	0	0	4	0	0	174	216	30	74	24	182	0	2	156	43.999946	90
ENSMFAG00000000041	0	0	0	0	0	0	0	0	0	0	0	0	0	0	0	0	0	0	0	0	0	0	0	0	0	0	0	0	0	0	0	1	0	0	0	0	0	0	0	0	0	0	0	0
ENSMFAG00000000042	3013.076	5779.126	2984.8741	2268.713	2764.7221	2165.9	2723.161	3139.502	2219.68	2823.017	3101.899	4012.598	3305.147	2755.532	3030.801	3250.172	3990.473	2577.696	3249.312	2462.913	2850.91	1921.906	959.213	3135.174	1592.079	1149.7485	1438.975	2953.562	1069.2171	1603.82	2161.788	0	2411.908	2858.613	1939.825	3426.708	3809.627	2363.65	2546.818	1903.809	3897.187	6512.86	3664.701	3330.755
ENSMFAG00000000043	198.9998	489.0002876	396	115	792	136.0001	161.9999	203.00009	504.0005	589.99991	252.0001	41.99997	383.9998	120	154	452.99951044948	341	0	895.0003337193	433.000506052	301.999512	452.0001	179	350	521.99992	369.000300027833	280.9998	11	392.9997	500.99990025934	479.9997	0	753	35.00004	0	516.0001	40.99995	0	240.9996373	188	1	698.0001	280	48.99997
ENSMFAG00000000044	2465	3644	3644.99645	1329	2713.84	3545	3823.00271	4705.001	3331.68	2470	1913.69574	1749.82	1604.00416	3055.84828	1597.85042	1685.00109	2262	1394	2140.86	1751	1802	3170	292	1584.86	995.863	864.772	298	1028.00357	1213	1109.27	1549.68	0	977	3170	2613	4719.14	4296.72	3827	3823.69724	2164.78	4087.61	8002.61	3149.00164	3148
ENSMFAG00000000045	1876.26	1170.19	2041.78	1328.01	2053.51	1122.85	904.189	2116.54	1399.1	1524.84	3106.91	4444.59	3749.03	1839.42	1853.37	3006.48	3583.87	733.26	2168.45	1908.16	1356.34	1629.05	3518.55	11410.6	6001.83	6359.52	3241.62	10173	8831.01	8395.87	5629.22	45391.5	10794.4	2388.26	2947.78	2318.52	2539.71	2362.82	1541.79	1380.06	2297.9	5893.12	1729.61	1727.8
ENSMFAG00000000046	1	11.0553	8.01074	3.01826	7.02011	2.36908	3	9.88435	6.02687	3.00163	6.41054	7.00931	8.00723	3.06469	3.03473	3.00493	6	17.4964	9.11086	4.02711	8.16669	4.00562	4.21303	5.2303	2.0506	4.94638	0	1.00164	3.03601	7	5.016	4.0215	0	1.00767	39.8789	11.5707	2.76787	3.21892	4.019	9.98218	4.01931	12.1889	5.03951	1.00495
ENSMFAG00000000047	0	0	0	0	0	0	0	0	0	0	0	0	0	0	0	0	0	0	0	0	0	0	0	0	0	0	0	0	0	0	0	0	0	0	0	0	0	0	0	0	0	0	0	0
ENSMFAG00000000048	218.0004	75	142.00006	29	0	0	3	0	120	0	0	0	0	0	0	0	0	0	0	0	0	78	4	0	1	0	1	131.00003	0	0	27	0	0	293	141.9996	133	333	0	0	0	18	316	174	76
ENSMFAG00000000049	0	0	0	0	0	0	0	0	0	0	0	0	0	0	0	0	0	0	0	0	0	0	0	0	0	0	0	0	0	0	0	0	0	0	0	0	0	0	0	0	0	0	0	0
ENSMFAG00000000050	19	308.00015	57.00002	38	234.999706900048	0	164.9996893574	87.0001	63.999965377	116.999990135206	0	69	6.99999923433	26.99996	0	32.999981	10	0	0	24.00004	26	73.99999978	720.0003	3119.9997	1180.99629005929	1301.0013694542	677.9996	635.99940105599	1310.00096	2528.0019	976.0001307517	7.99999569327	1002.000172207	0	0	0	26.000006164	0	0	55	10	53.00005	0	0
ENSMFAG00000000051	3004.89	8865.5	2913.43	3508.97	5989.59	1474.61	2882.09	6909.83	4045.01	3052.82	410.87	1156.51	1070.74	1053.74	698.429	773.706	1391.8	778.455	1798.29	741.071	1367.16	782.649	202.273	165.161	169.964	166.711	135.177	378.251	157.112	169.264	253.188	484.609	161.269	1310.11	758.288	295.186	1032.39	119.41	862.144	753.026	653.936	1472.85	585.224	318.935
ENSMFAG00000000052	0	0	0	0	0	0	0	81.1373	0	0	0	31.8308	0	17.8835	47.2309	0	0	0	56.7586	72.4595	64.0508	0	0	0	44.7327	0	0	0	0	0	0	0	0	33	0	26.7697	25.5068	0	0	59.9438	0	20.7543	18.3491	31.8546
ENSMFAG00000000053	4690	5175	5685	4263	4952	4653	3225	6367	5747	4236.99996	3332	2389	3194	4540	3958	2685	4225.9958	2701	4078	3979	4558	5582	4358	7095	7382	7537	3829	10078	9130	6338	8011	0	7016	12878	6744	6507.99981	6676.99586	4287	18982	5661	5135	13342	6182	7544
ENSMFAG00000000054	0	0	0	0	0	0	0	0	0	0	0	0	0	0	0	0	0	0	0	0	0	0	0	0	0	0	0	0	0	0	0	0	0	0	0	0	0	0	0	0	0	0	0	0
ENSMFAG00000000055	0	0	0	0	0	0	4	0	0	0	3	165	72	43.99996	42	51	0	36	20.999978	13	1	58	0	0	1	3	0	0	0	0	0	0	0	208.00021	0	132	0	0	288	23.000021	0	193.00018	38.9999954	67.99999
ENSMFAG00000000056	14.1464	20.1654	18.1663	13.1429	20.1697	14.1492	15.1515	26.222	16.1474	17.1618	10.0891	13.1703	14.1246	14.1383	12.1203	21.3245	19.22	18.2175	18.1688	18.2405	18.1709	19.1863	15.1326	40.3163	18.1367	20.2068	9.0748	9.07782	17.1472	18.177	11.0961	13.1772	9.08658	17.4386	40.2714	27.9082	39.0823	27.6999	24.7981	24.5981	23.5461	118.441	23.6256	23.75
ENSMFAG00000000057	0	0	0	0	0	0	0	0	0	0	0	6	0	0	0	0	0	0	0	0	0	0	0	0	0	0	0	0	0	0	0	0	0	0	0	0	0	0	0	0	0	17	0	0
ENSMFAG00000000058	45	0	122	0	67	0	0	0	153	0	905	1084	520	426	559	526	1137	141	877	753	1118	1115	0	262	25	71	0	0	79	101	114	0	0	199	308	212	148	0	481	202	932	769	344	345
ENSMFAG00000000059	${tasks.cpus}	1258.004	2085.33	969.8319	1228.8381	2171.554	1450.014	1442.265	1785.604	899.9779	798.037	929.594	1208.74	962.482	1068.5013	930.401	1129.986	865.304	1135.168	1148.84	974.6446	1180.432	1076.6585	1200.0627	872.6746	696.994	451.8796	1431.473	565.183	779.1016	919.1433	2634.13	482.271	984.3958	784.5055	757.4509	725.861	969.909	1173.87	524.3543	1006.84	2243.257	908.44	703.5319
ENSMFAG00000000060	0	0	6	0	0	0	0	0	90	26	0	0	0	0	0	0	0	0	0	0	0	0	0	0	0	0	0	0	0	0	0	1	0	0	88	29	2	0	0	0	194	3.0000016	29	7
ENSMFAG00000000061	311.3446	276.9337	546.4577	180.5131	511.4354	268.7836	195.2063	443.3149	414.8324	396.0816	251.8804	310.1585	257.9635	438.9396	112.6192	226.5421	496.869	225.4278	262.194	158.7749	130.8313	229.0463	370.052	179.3386	270.075	165.2603	56.4981	269.9308	172.2995	149.0058	224.3532	1444.137	62.3966	281.4585	294.3843	286.9193	201.6256	769.8428	564.0474	142.8089	386.6426	510.3224	161.4863	485.8463
ENSMFAG00000000062	1619.802	3209.785	5775.055	3921.337	4275.268	3901.687	1164.91848	7108.212	4721.2084	2628.3089	2332.082	1878.711	2822.956	1835.117	3200.828	2284.0781	1417.4061	2792.72532586	2329.896	2490.285	2043.396	2660.70793699	1516.0560161345	949.68660573147	2750.655	2595.372	1407.1384	2223.733	1133.301961	2308.8316	4713.16	1268.203594	5310.809	2359.685	4920.659	2741.555	2916.448	1014.470929	2957.817	2026.629	934.324600167849	10045.054	2518.9142	3211.617
ENSMFAG00000000063	783	2225	1119	1021	1492	1460	1617	2137	796	1066	753	634	821	648	1248	771	946	784	1347	955	1082	836	322	1117	1110	756	415	518	1193	884.994	1705	9701.99	960	1315	943	1247	1454	227	1125	707	1861	2229.99	1301	935
ENSMFAG00000000064	2489	2704	2723	2734	3183	2616	732	3950	2405	2794	4147	3763	4780	3392	5294	3999	3313	3345	4140	2737	4373	2770	1869	1568	3753	3169	2290	4547	5060	3108	4930	0	3529	966	3116	2319	2054	113	1387	1315	914	3146	1133	1322
ENSMFAG00000000065	551	1155	539	322.9996	9	450.9999	112.00014	788	501	184.0004	1122	1002	1338	1487.997	1526.996	555	1496	952.797	1461.001	1393.996	829	1205	58	31.5194	5	2	0	1	189.0004	7.999996	271.0001	0	49.00003	7124	6218	4971.003	6418	5456	11076	5105.003	534.0002	15190.95	5607	4967
ENSMFAG00000000066	9711.00256	18245.02	12577	9554	9747	8287	5258	9545	11620	8149	17035.96	16970.99	17107.01	15127.01	14150	14977.97	17146.05	7477.996	10640	14757.95648	13867	12983	5588.00529	11718	7713	7675	2853.997	7503	6136	5138	6788.00027	28501	9659	11464	15386.01	12987	14435	6682	16453.04	7364	10135	25595.97	11819	7556
ENSMFAG00000000067	902	208.999913	928.00068	446.00016912325	715.000000045944	317.000130917682	314.9995	805.99958	1352	784.9999	155	207	500.9993	756.9993	262.00030218235	397.9994	273.99975	450	414.9995	179.9999	456.99982	209.9997	202.00004	52	369.00002099	37	235.9993	762.9997589	414.9996225897	193.0003	572.99963	74	333.99956	379.001	33	681	293.0002	4	35	217.000055	486.00001	1448	332.9998	355.99995
ENSMFAG00000000068	0	0	0	0	0	0	0	0	0	0	0	0	0	0	0	0	0	0	0	0	0	0	0	0	1	0	0	0	0	0	0	2	0	0	199	15	0	0	0	0	0	0	0	0
ENSMFAG00000000069	0	0	0	0	0	0	0	0	0	0	0	0	0	0	0	0	0	0	0	0	0	0	0	0	0	0	0	0	0	0	0	0	0	0	0	0	0	0	0	0	0	0	0	0
ENSMFAG00000000070	339.56766569	664.19557	386.5128	588.9288	331.9467	0	328.63602	637.0098	764.852	394.1964	610.22982	328.5677	805.69946317	1248.303	1285.8676	386.0339344	1054.407581	346.39	1075.7981	836.6016	710.361	546.9510288534	309.02137	272.35228	254.71004	163.81799	0.0000000487307	576.14600155282	69.8435	164.3107	230.408	0	0	478.61601	1249.296	341.9463	223.0407	1204.704	0.0000000293731	226.823734646	159.98255	1430.26724	322.04966	447.049
ENSMFAG00000000071	18.3864	26.8969	59.2707	25.9161	33.7459	28.7346	39.302	53.2303	35.0356	44.2438	37.1791	35.2227	27.878	37.5521	18.2429	36.0991	27.6187	36.5179	30.8183	49.8354	40.7888	41.0278	47.0146	70.1835	40.1976	46.8789	10.4331	39.522	37.2193	26.5483	38.7383	136.243	28.8131	44.2664	92.6502	44.7766	66.824	54.3332	48.2066	44.3433	32.4968	98.6168	50.6083	29.8071
ENSMFAG00000000072	0	0	0	0	84	0	0	0	0	0	0	0	0	0	0	0	0	0	0	0	0	0	0	0	0	0	0	0	0	0	0	0	0	0	0	0	0	0	0	0	0	0	0	0
ENSMFAG00000000073	2926.1438	2280.834	2858.5949	1510.8218	2309.2683	3224.7727827712	1247.76649	3863.2962	2907.6053	3362.9274	1385.563067	1134.45	1601.42480188152	2189.35806	1069.7526	635.4494	1537.3871	1613.19968	1613.11510028259	1663.26810359082	1788.649824	183.1170336475	6242.4905	4581.39412	16710.852	11446.426	9464.079	11724.4646223096	13882.691	10948.6709	18945.4968	64994.1444	25973.48038	2386.042402292	3112.372	2570.1386	2190.02554033784	5283.957344881	4527.2360000111	2400.152	796.0124	6305.453293	2815.79931	3149.0195
ENSMFAG00000000074	410.9999	164.00003	202.0002	366.9995	319.9995	455.0005	278.0007	444.9994	483.9996	412.9995	8459.0033	5722.9969	8012.999	9116.9983	8041.9983	10408.999	7116.99452	6271.997	8852.004	6821.99289	6579.00241	6553.99909	841.99996	217.9996	1384.9992	571.9995	419.999492	738.9999	458	1343.9999	2310.9963	1	329.0004	643.9991	1377.0005	752.0006	1565.0007	361.9998	1176.001	625.0004	1307.0004	2324.9986	833.0006	913.999
ENSMFAG00000000075	1166	1630	1801	1199	1917	1117	922	1618	1231	875	1560	1014	1602	1134	2004	1425	1768	1822	2055	1384	877	1433	1261	1247	1278	1193	678	354	1359	958	965	0	1053	720	1140	761	1274	648	1064	556	902	2934	1006	837
ENSMFAG00000000076	0	0	0	4	0	0	0	0	39	0	2886.0009	4079.00296	3588.0016	3452.001	5350.9998	3256.9985	3989.9969	3800.003	4136.996	3669.0021	5702.9959	2395.0023	0	0	0	0	0	83	0	11	90	0	0	361	191	216	190	347	315	174	205	1415	337	605.0005
ENSMFAG00000000077	2256	4526.996	4139.0036	2618.00257	3107.002	2498.996	1181.00000242025	1753.0004	1822.0028	1589.0034193	4318.002	5644.001	5606.003	3978.001	3794.004	4386.004	5608.004	2946.0005	3427.9999	3969.002	3573.995	1915.00156	1179.0006	2738.004	2775.99700044345	3524.998	2468.003	1268.001	2870.997	2286.0042	1863.9972	0	2583.99930813	1252.9951	1390.99900001273	1395.996	1319.0012	1239.9997	936.0001	862.0001114998	554.00042	2595.001	934.0002	1687.0006
ENSMFAG00000000078	7729.0042	11548.9976	8576.9989	5298.998	7479.0015	7398.998	3101.9973	6429.003	5425.9999	3440.9964	10505.999	9603.003	9254.9993	8312.995	5814.0043	9025	9602.998	9421.00537	4843.0022	5644.009	8147.0008	5514.996	4365.9964	4960.002	5038.9977	4939.999	2753.997	2634.0041	6188.001	4379.0015	5281.9955	0	7237.0013	6164.003	7075.9946	6272.996	7020.998	1303.9992	6266	3178.0018	4609.001	14401.999	4908.0022	4038.9952
ENSMFAG00000000079	23.6738	14.1584	29.2819	23.70647	57.1454	52.24893	15.9423	22.7162	23.7525	20.40396	8.91656	11.4032	26.1349	2.9543	47.1866	9.29142	23.8845	47.5969	21.6886	13.74868	23.8685	95.1379	61.4591	32.20054	74.8104	26.01359	19.9825	21.4506	42.02369	15.4449	24.3938	695.503	0	44.9091	222.051	50.0567	48.73405	41.9005	16.9163	3.38175	16.35628	39.78149	18.6197	39.73427
ENSMFAG00000000080	78.000021	0	133.0002	7	85	148.99976	146.9998	63.999971	163.99975	337.0001	0	54	25.000005	0	26	46	6	0	120.00018	33	76	0	0	8.000001	42.999958	86	0	0	2	56	19	0	61.00001	1	56	138	104.99999	235	0	6	0	90	70	79
ENSMFAG00000000081	4271	6013	7206	3080	8830	5456	7696	7077	6379	4535	5486	5407	6219	7890	5653	6529	8533	7067	7927	6450	7236	7238	4298	9624	5906	5138	2975	4708	8114	7550	7913	17039	6246	8627	7140	8890	11315	5648	8147	5421	12107	19883	9118	7858
ENSMFAG00000000082	0	0	0	0	0	0	0	142.9999	0	0	0	0	81	0	30	0	0	0	0	0	0	0	123	135	205	1	68	1288.999	206	411.0004	217.0003	0	290	779.9996	442	535.0005	138	255	671.00004	364	515.00035	1091.0004	188.99995238	489.9998
ENSMFAG00000000083	18	49	0	0	55	0	0	0	0	0	42	220	69	108	47	0	121	221	322	92	27	68	0	0	0	0	0	0	0	0	0	0	0	34	91	75	35	0	0	90	334	158	64	31
ENSMFAG00000000084	22.2368	90	46.1115	0	97	11	57	13	0	51	0	8	0	7	14	34	40	0	56	0	0	0	0	136	0	0	118.31	272.7226	0	13	37	0	38.5585	0	62	68.3351	95	0	136	55	51	89	49	13
ENSMFAG00000000085	26	135	154	38	0	248	128	49	238	97	0	0	0	0	0	22	63	0	0	12	48	193	0	69	0	0	0	0	79	0	94	0	63	47	0	13	22	0	0	58	0	67	15	0
ENSMFAG00000000086	4192	4581.075458	4267	2759.003436	3240	1897.0046	1570	2687	2118.997	2042.0044	2819	2846	2547	3603.79	3138.99730025352	3434	2876	2428.73	1890.99577763	2238.9974	2960	1665	1719	1219	2248	2309	900	3295.0014	2373	2046.999881877	1891	0	3141	3545	2835.00077	4538	5527	3887	2544.00000028137	2198.73	4158.001	8107.80972	4416	3407
ENSMFAG00000000087	0	0	0	0	0	0	0	0	0	0	0	0	0	0	0	0	0	0	0	0	0	0	0	0	0	0	0	0	0	0	0	0	0	0	0	0	0	0	0	0	0	0	0	0
ENSMFAG00000000088	871.0005	1814.9951	1891.9982	1028	1636.996	802.9996	1877.0042	1290.9997	1029.9981	1248.9961	1618.9969	2032.0041	2509.004	2308.001	1548.9978	1293.9981	1993.0029	1860.9952	2365.9995	1442.0007	1381.9962	798.9999	725.9997	695.9996	1378.99504	1091.9975	656.00033	536	1242.9978	608.9997	1430.9961	8605.995	533.9998	1577.995	870.0005	1869.0025	2163.9982	899.0002	929.0002	918.0002	2171.9957	3767.002	1679.0025	1072.9988
ENSMFAG00000000089	0	0	0	0	0	0	0	0	0	0	0	0	0	0	0	0	0	0	0	0	0	0	0	0	0	0	0	0	0	0	0	0	0	0	0	0	0	0	0	0	0	0	0	0
ENSMFAG00000000090	0	0	0	0	3	0	0	0	0	0	0	0	0	0	0	0	7	0	0	0	0	0	214	0	0	65	109	0	0	245	12	0	0	0	0	0	0	0	0	0	0	0	0	0
ENSMFAG00000000091	54.5022	60.1412	84.1855	50.2787	90.1666	34.9752	51.8516	47.3868	38.9243	52.0048	31.432	39.1255	61.7661	41.8529	66.6419	68.1064	65.0012	59.0866	66.0969	97.4655	124.638	379.649	92.5742	53.0698	63.6446	54.2931	33.5129	54.5542	26.9778	36.7174	75.6275	9.17582	29.8718	44.8685	61.0024	49.0939	53.1963	22.3714	520.305	12.1374	60.5563	97.5932	38.3491	30.5816
ENSMFAG00000000092	64	30	8	2	20	0	38	29	8	1	12	35	31	10	87	10	8	0	3	40	6	21	61	12	12	0	28	0	3	2	11	0	14	18	20	41	36	0	37	19	39	83	28	17
ENSMFAG00000000093	1	1	42	0	20	0	2	4	5	0	87	53	1	92	121	102	39	21	55	70	145	15	0	8	2	3	26	21	0	11	2	0	3	73	132	126	115	41	48	50	15	272	66	113
ENSMFAG00000000094	0	0	0	0	0	0	0	1.00000018	0	0	0	0	0	0	0	0	0	0	0	0	0.99999991	0	9	3	0	1	12	0	0	0	0	1	1.00000029	0	0	0	0	0	0	0	0	0	0	1.00000035
ENSMFAG00000000095	0	0	0	0	0	0	0	0	0	0	0	0	0	0	0	0	0	0	0	0	0	0	6	2	0	0	0	0	0	0	0	0	0	0	0	0	0	0	0	0	0	0	0	0
ENSMFAG00000000096	0	0	0	0	0	0	0	0	0	0	0	0	0	0	0	0	0	0	0	0	0	0	0	51	0	2.00000082129	0	0	0	0	0	0	0	0	0	0	2.99999558857	0	0	0	21	0	0	3.00000448754
ENSMFAG00000000097	0	0	0	0	0	11	2	0	0	0	0	0	0	0	0	0	0	0	0	0	0	0	0	0	2	0	0	0	0	0	0	0	0	0	0	0	0	84	0	0	0	0	0	0
ENSMFAG00000000098	60.71	102.289	92.1494	45.2628	97.3142	77.2151	103.869	63.7155	75.2161	38.2967	74.3079	76.2049	52.2515	72.7228	77.2556	62.1971	89.1223	160.743	101.08	70.8043	70.4554	101.323	259.359	162.002	124.854	110.872	50.1579	216.434	101.372	87.8791	94.5757	448.801	46.3942	89.5321	88.6462	87.3859	97.1876	139.731	50.8372	56.8317	147.156	179.639	50.102	53.4633
ENSMFAG00000000099	0	0	0	0	0	0	0	39	0	0	0	0	0	0	0	0	0	0	0	0	0	0	0	0	0	0	0	0	0	0	0	0	0	0	0	0	0	0	0	0	0	0	0	0
ENSMFAG00000000100	0	0	1.0154	0	0	0	0	4.11459	53	8	0	0	0	0	0	0	0	0	0	0	0	0	0	0	0	0	0	0	0	0	0	0	0	0	0	0	0	0	0	0	0	0	0	0
ENSMFAG00000000101	0	0	0	0	0	0	0	170	81	62	0	0	0	0	0	0	0	0	0	0	0	0	0	0	0	0	0	0	0	0	0	0	0	0	0	0	0	0	0	0	0	0	0	0
ENSMFAG00000000102	447.04	654.998	566.824	493.602	715.297	155.418	171.822	342.244	255.641	551.751	1186.75	413.676	764.793	826.538	1303.97	694.643	911.276	616.128	552.565	705.729	1193.2	718.241	426.006	335.376	341.032	413.08	52.4149	131.031	614.412	292.716	339.956	147	1132.86	380.896	160.605	260.724	424.892	4.10177	670.807	270.691	467.007	642.864	179.731	403.994
ENSMFAG00000000103	1	0	0	0	0	6	0	1	6	5	0	0	52	3	0	0	0	0	1	2	0	15	4	0	0	0	0	0	0	2	6	0	0	31	0	2	0	0	0	0	0	5	16	6
ENSMFAG00000000104	0	0	0	0	0	0	0	0	0	0	0	0	0	0	0	0	0	0	0	0	0	0	1	0	0	0	0	0	1	0	0	0	0	0	0	0	0	0	0	0	0	1.00034	1	0
ENSMFAG00000000105	15	0	1	0	0	0	7	4	0	23	0	53	0	9	0	7	18	0	8	15	13	0	0	0	0	0	0	0	0	0	0	0	16	19	0	6	0	0	15	0	0	108.9999982	9	1
ENSMFAG00000000106	0	0	0	0	0	0	0	0	0	0	0	0	0	0	0	0	0	0	0	0	0	0	0	0	0	0	0	0	0	0	0	0	0	0	0	0	0	0	0	0	0	0	0	0
ENSMFAG00000000107	381.0004	197	175.00056	414.0002	236.011	0	142	347.99962	330.99951	733.99998	356.0002	3	110.9999	113	293.00637	210.01941	11	485.9999	38	19.99996	243.0055	222.9997	8.00646	125.00764	201.0068	230.00389	1	19.0158	4.00181	74.99994	132.01139	2	415.00058	308.0005	6.01118	312.9995	71	4	1	4.00266	57.00001	438.0145	142.0004	84.0001
ENSMFAG00000000108	1023	2002.003	1411.0033	1077	1640.004	1148	782	758	1529.003	808	1451	1433	1541	668	2013.002	1285	1838.005	2321.996	1716.995	1334	1482	1075	1194	1895.003	1086	1367	531	1615.998	1407.999	1323.004	1553.998	0	1037	2018.003	2887.996	1405	1945.998	3159	2589.998	1867.997	2006.996	3491	1460.003	1784.002
ENSMFAG00000000109	1025.48916	1519.24	2030.4323	905.293	1682.20165	1666.19997	1017.1908	1134.189	1138.672	855.24021	1319.47014	1217.067	1644.214	1462.952	854.386	1801.46786	1524.40386	2908.99	1421.93782	1534.917	1315.488	1243.136	2416.81582	1502.5794	1599.415	1786.37031	865.852	2461.62	1847.422	1593.60666	1795.489	2076.04	1840.073	1175.137	1254.92891	1892.64568	1284.852	1636.625	551.05	951.559	762.2186	1749.75301	918.879	964.324
ENSMFAG00000000110	15	0	0	0	0	0	1	0	0	0	0	0	0	0	0	0	0	0	0	0	0	0	1	0	0	0	0	0	0	0	7	0	0	4	0	0	1	0	0	1	0	8	3	0
ENSMFAG00000000111	410	66	246.9995	718.0004	1053.997	639.0000038	682.9999	440	134	596.9997	1803.996	3441	1171.0033	1374	2040.00000025977	1138	2890.00253	0	711	1242.9987	1131	1144.9985	964	1243.002	1277.003	1362.9966	1590.9973	5874.999	3550	2553.997	5750.9959	0	6329	66.99999	0	0	49.00005	0	0	0	0	199.9996	0	24
ENSMFAG00000000112	0	0	0	1.655	0	0	0	0	1.67795	0	0	0	0	0	0	1.97233	0	0	1.67204	0	0	1.77366	0	0	0	3.36801	0	0	0	0	1.81883	0	0	0	0	0	1.87072	0	4.00362	0	3.72183	0	0	1.95791
ENSMFAG00000000113	3476.81	6190.004	5905	3321.001	6597	1871.002	2824	5694	4655	4922	5785	4818.003	5477	4957.999	5638	4302	5128	7471	5332	5024	4516.004	3766	9513.77	28289	21820.9	18087.95	11671	17902.92	26409.9	15823.93	22517.89	642	32011.02	5437.002	6988	6169	7193	6437	5272	4395	6468	15298.03	5313	5345
ENSMFAG00000000114	63.2908	123.312	98.2255	45.2463	91.6251	83.3036	125.052	112.365	58.3123	74.5576	243.1231	101.035	113.402	32.1911	497.926	635.0683	365.55179	1114.31	267.5572	76.7555	89.45455	343.6165	124.362	113.144	158.933	106.451	47.0805	790.929	148.348	139.114	435.199	721.96	127.825	83.3334	100.937	100.099	116.571	114.565	80.8762	56.0622	124.497	155.968	101.173	79.8175
ENSMFAG00000000115	0	0	0	0	0	0	0	0	0	0	54	0	0	175	0	61	0	0	0	0	0	0	0	0	0	0	0	0	0	0	0	0	0	0	0	0	0	0	0	0	0	0	0	0
ENSMFAG00000000116	0	0	0	0	0	0	0	0	0	0	13.3748	0	1.5167	0	5.22844	10.8721	0	0	0	0	24.9382	21.5756	0	0	3.25163	0	0	0	0	0	0	0	0	0	0	0	1.30941	0	0	0	0	5.88284	0	0
ENSMFAG00000000117	433	148	222	83	173	324	5	228	32	150	3	6	0	0	2	3	0	22	6	1	0	1	27	124	11	38	23	53	17	29	102	1	0	478	761	319	626	1141	477	298	278	507	547	479
ENSMFAG00000000118	152.8524	63.4751	60.3606	51.638	59.6348	50.3968	63.6553	46.1814	70.7653	30.5175	199.136	28.2795	72.6444	92.3894	86.4263	227.311	67.7727	81.8932	410.9022	186.753	80.9625	113.859	103.337	69.1148	216.095	90.32	26.9754	99.7672	61.6309	60.1747	106.379	78.1943	32.276	35.1864	248.166	48.3321	152.47796	23.3689	84.5765	26.0989	170.91	255.91431	57.0722	55.9607
ENSMFAG00000000119	3	0	5	2	0	6	20	0	9	0	0	0	0	3	0	0	0	0	5	2	0	0	23	0	0	1	0	0	0	0	0	0	0	4	0	7	1	47	0	0	2	6	0	0
ENSMFAG00000000120	709.00019	1894	2139	618	1413.996	2066.001	401	1450.9998	1643	1589.9961	766.9998	1566	1292.002	1838.005	1590	1735.0044	1632.998	1297	1380.999	1781.9956	833.99969	691.9995	812.0001	2488.0037	2105.99598	1347.0008	540	964.0004	2270	1642	2512.0019	0	2362.00444	946.00009	1172	1508.9973	2018.0022	1007	471.0003	993.99972	943	3482.9992	1432.99633	729.9997
ENSMFAG00000000121	0	1.02525	0	1.04846	0	0	1	1.06697	0	0	0	0	0	0	0	0	0	0	0	1.00979	0	0	0	0	0	0	0	12	0	0	5.17247	0	0	0	0	0	0	0	0	0	0	0	0	0
ENSMFAG00000000122	0	0	0	0	0	0	0	0	0	0	0	0	0	0	0	0	0	0	0	0	0	0	0	0	0	0	0	0	0	0	0	0	0	0	0	0	0	0	0	0	0	0	0	0
ENSMFAG00000000123	0	0	0	0	0	0	0	0	0	0	0	0	0	0	0	0	0	0	0	0	0	0	0	0	0	0	0	0	0	0	0	0	0	0	0	0	0	0	0	0	0	0	0	0
ENSMFAG00000000124	0	0	0	0	0	1	2	2	0	0	31.999993	12	8	0	9	5.0000000734663	0	0	11	9	0	77.00005	19.99998	0	0	0	0	0	0	15.99996	11	0	0	39.99998	0	0	0	0	18	0	0	3	4	13
ENSG00000000003	10.0575	6.33162	3.71806	7.0758	36.1188	27.5319	64.4703	14.0746	1.25209	21.8812	13.3427	35.7974	7.69793	3.84453	90.3701	177.2812	3.56706	3.00899	522.50807	3.01043	10.8438	192.947	73.1638	6.10182	4.17432	4.51024	4.91311	17.4491	223.7483	9.15052	19.8952	1.2968	3.18327	29.9052	17.0758	10.1256	14.656	5.58861	9.75101	13.2567	11.6406	27.207	4.71965	3.34609
ENSG00000000005	0	0	0	0	0	0	0	0	0	0	0	0	0	0	0	0	0	0	0	0	0	0	0	0	0	0	0	0	0	0	0	0	0	0	0	0	0	0	0	0	0	0	0	0
ENSG00000000419	2579.00265139	5144.999	2786.0017	3725.00389	7023.0179	2101.9959	14742.0473745	2898	3879.996	2862.002	3891.0015	2434.00264	4458.99767	4218.9954	4689.99932	3853.8059	3074.99701	4048.003	2071.004	3959.003	3257.99535	3740.00412	4294	2138.995	2043.9988	2340.99554	2152.99987	1376	70.00002	1399	1184.47958	3479.99625	1827	1995.00042	1659.9988	3070.0049	11668.0016	2845.002	2194.99980018842	4038.9976	2922.999	4255.99854	3135.0017	2377.00334
ENSG00000000457	554.345511	776.4199	595.3154	136.795	899.720000022166	963.15796	426.364	321.58190102676	2291.8232	138.261	154.092	109.472	460.25933	829.871	1062.0577	536.2339	81.26536	824.193400377773	578.847	116.723	1252.803	607.219	112.845	397.1124	78.3182	308.1606	1690.541	235.021	134.574	450.01271	298.51	118.2	269.03647	393.1127	968.329143251	534.8481	348.518	202.1021	359.1160109	267.7519	640.6755	138.7979	95.93928	647.396
ENSG00000000460	29.8997	85.47138	26.9601	602.1432	581.06304	128.49899	43.8316	243.98841	1.34052	8.1219	2.2739	14.723	228.37724	179.531095059	108.49231	112.239	229.58791	322.6435589258	35.22	285.45693	533.1621	149.81034	2.19033	198.9261	14.45429	13.77195	51.935	90.5099	79.9517	272.086000473346	25.5945	231.3769	36.0423	344.222	74.3711	98.4809	82.5486	16.6464	74.89463	4.99999	119.98573	0	53.7391	29.71674
ENSG00000000938	1562.00047	726.9994	3434.0056	2456.003	1674.0005	3401.999	41046	4466.004	7305.00439	293	453	846.0001	406.9998	421.9998	52	59.99996	479.000500989387	650.0004	430.9998	0	48.99995	432.00025	0	16919.007	11598.00301	20508.0027	10482.99291087	947.9996	9060.0017	15941.00911	11248.006	17095.9952	6127.9995	7969.001	4630.9995	1286.0002	1144.9999	923.9997	1624	483.9995	1361.9993	2780.9979	128.0001	2158.999
ENSG00000000971	0	0	0	1	1	1	1	0	0	27	0	0	24.00002	490.00053	70.00001	2.000003	847.00042	1	0	0	0	13	0	0	53	3	0	0	0	0	59	1	10.2977	16.0232	1	3	1	0	3.1399	0	0	0	0	1
ENSG00000001036	73.6163	98.2659	117.1201998	53.5428	320.80574	70.3059	12298.495	162.84161	315.0697	9.0769	16.5383	18.9839	104.0133	404.2088	193.3587	113.1154	189.01559	113.44119	459.81707	72	122.18472	299.311748	9	918.153	1088.2888	1096.3744	1161.03389	442.2647	2	561.34151	26.8781	361.4021	229.4416	937.9032	81.83229	22.9021	168.4076	217.9356	133.18383	121.6636	360.7935	849.979493	60.71922	260.38324
ENSG00000001084	957.3654	323.9915552329	687.85171	38.818	1895.3238	281.27107	22.32705	444.4568	1507.97157	391.8824	565.73216	225.33983	923.4104614	797.89934075158	493.17947	992.442746	919.2889	539.582230554024	760.00041	910.2672	805.10094	350.5880114709	46.78752	773.55393	2519.16639	3100.67734	626.9902	629.783800665847	3.51472	437.12486	2035.51951	496.614610131843	1099.8407982796	204.76758	107.14407	1119.8671	534.13613	1676.815794	782.37814	315.8632	499.77361	33.301	130.3187	602.50496
ENSG00000001167	715.9997	1946.005	1344.902	1416	4310.95	1968.003	8	1556.004	2430.003	142	1313	0	1628.995	1421.996	3035.979	1713.003	2189.002	1431.996	1122	2844	1545.0033	2396.002	248.9996	247.0002	1932.002	607.0005	5	7	0	440	0	216.0002082	1652.003	1249.0019	9	1247.004	729	1686.002	982	914	1085	280.0003	287.0002	763.9902
ENSG00000001460	214.45293	200.1455	27.4488	94.15419	440.18874	86.1615	325.92757	250.42447	37.8002	24.20566	266.9063	301.8272	179.984517	137.40442	321.36669	124.66223	128.4065	215.93128	195.6479	336.50284	337.77853	305.4238913	26.3399	41.29613	155.54137	166.1565	154.2476	184.5238	17.46343	455.1874	214.3429	462.8335	1166.66147	1177.7946	780.823400518844	206.65166	453.25116	60.561	111.91293	48.06131	34.93347	339.42613	36.84238	189.44256
ENSG00000001461	578.1734	405.1558	517.50333	493.22654	1496.3096	1438.2343	74.0077	821.0198	636.18597	48.5253	18.30598	3053.4945	1440.82863	1110.0488	2104.2395	1853.91756	1219.4567	2899.5572	1267.01417	344.90651	2262.39343	2083.2692	3484.7004	186.83133	50.28294	108.98521	1578.56267	248.1343	7244.97842	153.18642	207.7088	16.5029	88.34385	695.44725	187.3328	374.142	283.6343	585.25275	247.59398	333.43591	630.86997	67.16136	67.37628	205.91894
ENSG00000001497	1703.00072	2702.997	1813.9999	2396.00413	3408.9953	1111.00357	1	978.99988173	2131.0018	3199.0034	1094.9993	0	1048.0003	937.0003	2690.9966	1993	1283	1017	1421	972.9996	781.00037	1810.998	5927.004977	392.0003	536.0004	208	0	283.9999	0	299	71	858.000184186	732	32	186	1632.9995	656.0003	1063.0008	1182.9995	723.99988	1432	2079.0024833	140.9995	994.0005
ENSG00000001561	883	934	901	839	1273	742	0	273	947	1045	23	0	2109	534	787	537	2023	565	267	0	774	341	0	1124	611	589	1667	264	10692	440	0	685	0	260	0	2633	1834	1823	3711	2623	2296	491	185	675
ENSG00000001617	23	57	3	0	27.00001	0	0	0	0	0	0	0	0	2.999995	0	8	6.00000135796	23	84	0	0	25.000008	0	15.99996	42.000018148	1	248.000059289926	58	0	18.999978	0	0	116.00007	49	42	0	1	0	0	11	3	0	2	3.999992
ENSG00000001626	17.6663	11.0764	9.86329	13.9141	72.0988	21.8633	274.947	15.6109	28.094	116.26	8.05218	9	22.6098	7.4113	23.6417	14.711	10.8065	34.1248	2.83374	4	12.0557	20.1661	17.1159	14.1174	28.2392	28.1097	3	51.2372	33.8016	10.46383	41.4074	22.7785	20.1425	56.592	21.3001	7.53764	41.4231	24.5361	16.1131	31.5706	13.9484	25.5663	31.2277	18.0373
ENSG00000001629	614.9918	358.0003	479.9915	0	464.99981	101	15.808	275	358.96706	293	454.9998	77.0001	312	485.00015	215.97636	112.99953	688.9998	173.53612	618.9999	262.00007	313.76216	148.99967	97.4056	12.999997	25.56445	201.9998	774	246.623104	4657.997	227	112.66486	2.781182	420.84351	605.59222	19.96849	148.00005	99.00003	383.99974	375.99984	114.00019	86	0	132.00044	221.9996
ENSG00000001630	1120.443	4368.6694	1871.566	1255.99	12798.25701	3623.54	5.37395	1354.338	2872.795	1905.81	2192.2993	21.29046	2161.428251	1657.901484	2471.33	1150.492	428.68	1538.716	1035.672	98.1692	2037.540001426	1719.66149	2.1045	807.33129	2043.23544	1040.3977	64.8465	421.7142	62.8676	818.7345	2420.90544	385.671	2309.655	1181.22456	453.5062	2328.003	2388.8806	1629.335	5119.44799	2075.17689	2443.671	280.015	293.86294	5136.327
ENSG00000001631	117.532538	795.33828	406.8081175	902.23257	1469.39574	1211.84675003328	97.5975	878.5015	1013.075	0	15.1537	22.1704	463.711046	153.300395	354.55485	381.809243	718.64065	349.406401	973.34285	893.8219	345.80437	258.96238	2.02871	188.134278	470.636684	204.6230041127	16.41119	18.0204	0	170.35587	1143.1379	490.08923633	30.433	217.3064	75.64181	662.5189	786.638070035353	1115.48191121	885.23314	151.40001625	621.560290327382	1041.03204232	466.48338	511.424687037304
ENSG00000002016	299.1941051564	335.41781	404.480711	86.20073	509.86554	999.48452	97.3588	275.90419	519.69597	35.8668	166.6802	455.62	69.36801	432.98033	389.43456	153.19999	241.9462	244.7601	104.23056	9.60644	324.22825	362.36044	154.667000287936	25.57476	49.2463	122.39531	312.072	155.785748	400.974	234.986	53.2486	56.6047	197.3385	244.9271	548.965264	422.8264	76.53802	218.9072	116.971755	214.4861404	234.0498	150.8796	33.094874	116.02606
ENSG00000002079	0	0	0	0	0	0	0	0	0	0	0	0	0	0	1	0	0	0	0	0	0	0	0	0	0	0	0	0	0	1	0	0	0	12	0	11	0	0	0	0	0	0	0	0
ENSG00000002330	948.58204	2591.9238	1367.14365	979.00007	4726.00136	235.0002	5764.9991	1505.9957	1569.99901	3941.9506	2004.99632	852.00007	896.99961	663.76029	1399.94497	740.82479	1203.9131	1006.36758	1510.00209	878.99973	844.5711	799.16104	0	558.99947	846.90032	601.72503	1094.00006	1541.81779	13.000018	903.302	1961.663	514.747	873.7929	2324.8492	1200.93942	1336.84946	2519.07413	1297.4826	645.61237	927.1494	1776.21306	1648.5613	533.8384	942.48963
ENSG00000002549	3478.9937	3330.99859	4820.99844	3618.997	6086.9641	5543.9929	0	5355.99793	6136.0021	3109.9953	1886.002632	4429	3212.0025	4391.99858	4647.99598	3944.9978	3723.9985	2871.99075	5329.98881	6109.0043	5583.986965	4911.9884	0	4904.9949	3005.99344	6402.00116	1724.99590043025	4438.99555	11774.94945	4947.98842	1349.0001276768	8207.99156	5433.102	3648.98305	3915.0079	13464.9188	8880.942206588	11414.9975	11773.9332	9021.93471	10815.92257	10289.9966	3181.97511	15138.79108
ENSG00000002586	11989.00599	10151.99827	6742.99651	6470.996	7573.00042	10128.0011	17859.02728	6468.99843	13911.00717	5541.0026	3736.0042	7716.0027	9997.99613	9012.00563	9947.99835	5994.00376	5676.99907	9508.99358677	9196.99828	8097.9958	6241.99958	5998.01071	12635.99616	7563.9971	8100.0062	4001.0014	14365.99292	2202.00038	15797.95241	3580.9988	11871.002	2983.0041	9428.99367	5703.00036	982.99953	27960.97803	42016.96413	20865.00929	11199.00168	5970.994919	16205.9948622	21190.98095	5829.00851	9221.99283
ENSG00000002587	82.6713	295.2079	26.6592	15.0503	68.6812	243.59993	34.2919	5.54451	23.275	878.800718	20.4715	15.3089	11.1901	13.8196	11.436	10.9185	4.20969	9.33686	3.06169	16.3938	4.31948	10.6844	7.46179	8.4785	7.35392	12.4824	32.8275	40.2429	12.4404	19.5477	59.0009	23.4035	38.049	80.0697000421821	72.3093	132.008380102207	108.4768	64.2008	357.667	78.8629	181.71075	9.21244	78.2135	343.99897
ENSG00000002726	2	2.03894	2	5.00088	18.1071	1.06256	0	3.0015	1.0015	1	1.05798	2.02275	5.02507	6.02397	3.00023	3.16724	3.06108	9.02105	0	12.7785	5.12028	4.01321	0	132.000041686919	2.01714	2	1	1.34672	1	6.07163	27.8502	3.39365	6.04161	13.2118	8.06801	0	1.01042	2	2.01404	1.02612	5.02751	2.00156	0	2.00218
ENSG00000002745	365	572.9995	370	0	650	50	0	589	298	0	289.0003	0	0	0	0	0	0	41.00004	0	0	158.99964	0	0	0	0	0	0	0	0	0	0	0	0	0	0	9	17	84	23	0	0	0	0	25.00003
ENSG00000002746	4.71488	6.31059	5.01682	8.22578	11.82983	5.45831	7.56014	0	5.08777	5.87161	5.36114	2.48917	6.4432	7.325482	3.24126	5.30415	6.3295	3.0573	1.00495	2.83026	7.31385	5.25089	21.20696	9.8187	8.93571	0	34.4555	2.63484	1.36733	9.63498	11.18616	16.34425	2.62804	4.34656	28.1774	1.47329	3.13032	5.21277	2.0153	10	2.04205	1.54624	0	1.19635
ENSG00000002822	2619.99936	6175.00139	4266.94836	3181.0038	5452.00488	7695.9908	6819.006	3851.99517	6596.99595001811	3611.004	1968.9959	1528	1977.99995	2251.9999315356	2565.99926	3850.9975	2313.990729	2877.0046	2243.0014	4109.99435674	1980.99968	5235.00312069296	0	3289.0018	1486.9997499	3123.9954	5444.00167	845.00082	0	2058.0001384164	1998.0039	4197.00251	1052.000324	1440.00000002635	551.9999	5560.3233	6923.05435	5439.49444	3229.49718	1707.06488	5580.91404	9586.2764	2511.30274	6688.35231
ENSG00000002834	1310.0361	3445.8553	2486.4248	1646.2744	6079.495020476	2699.93111	69.5401	1579.72261838	2273.76819	2982.196258	2058.9146	966.3695	2904.23975	2122.5046	3257.05340007244	1391.7752	1832.35210005423	2019.7173	1064.00020570536	2683.28710869	815.678930021421	1481.4961	1482.75060456	2792.246089	2299.621	2968.6501	1556.12102	611.9896	2.87727	1843.853	1570.664253	335.0073	1510.9917	1203.3633003234	672.50411	4054.53450004732	1262.3348	3108.51450001402	2937.009225596	1406.80356	4176.3966	4553.4648005	238.9275321	2177.0382200411
ENSG00000002919	1069.99926465	3731.0784	1752.553521	4219.41616	7302.52553	2580.13646	14929.1735423618	1345.42962	2298.40632	0.0891605	1803.99543	829.9996375	1803.80995	758.81943976098	948.0171569	842.96937	1293.00218	633.58929	433.9999	2451.99506441643	758.49487	781.25379	0	1178.48358	726.9805248654	1334.07104	1889.57538	960.31134	2.40094	846.81726	731.4202	1532.76467	117.41888	271.30233	1230.04448	1444.95669	721.99932	1420.49517	777.99954566209	838.16296	875.99951	2978.0458817	157.58935	1191.00006
ENSG00000002933	3	0	1	0	148.00043	1	0	7	10	0	0	0	4	5	17	0	7	0	0	10	14	3	0	5.000001	69.99997	782.99929	0	430.9998	0	174.00004	1193.99939	236.00037	0	13	402.00046	0	8	4	0	0	3	18	2	6
ENSG00000003056	5942.8163	6643.21423	6057.4128	5024.001	9822.65464001713	9926.05882	34527.70667	4863.4444961	10990.1173	6461.264	3199.526	0	3949.17402181528	3081.332133	5681.83591	3683.68418	4201.2308	4533.81405	6034.116086	4363.6269	5611.88351	6970.73417	9498.99	5695.95637	5131.79108	4274.35788	1100.0001	1206.0273	0	7033.69071	3915.70743	5025.22356	3489.98021	3337.7145	1214.0013	14498.1687503	5788.34414	8897.13644	8522.48321	3229.23157	10663.46354	11374.999	1525.3773	10459.23998
ENSG00000003096	0	0	0	0	0	0	0	0	0	0	0	0	0	0	0	0	0	2	0	0	0	0	0	0	0	0	0	0	0	0	0	0	0	0	0	9	22.999988	0	191.39981616712	51	368.0003	0	35.999963347	116.0000061
ENSG00000003137	0	0	0	0	0	0	0	0	3	0	0	0	0	0	0	0	0	4	0	0	0	0	1636.997	0	0	0	0	0	7	0	0	0	0	0	0	0	0	0	0	0	0	0	0	0
ENSG00000003147	9.85832	16.1124	2.397624	2.20627	34.48618	25.41355	460.79727	19.6483	21.273096	107.153123	2.17405	6.80108	79.37835	215.02687	130.841595	55.49903	17.13546	66.96162	8.01656	37.10781	63.726	40.964184	3.36188	261.69182	9.88076	157.33363	50.94819	333.414075	0	6.26997	1722.089510141	28.81455	26.46707	30.281	21.46822	29.85018	93.56738	7.23036	13.73219	7.98085	19.96156	4.84898	5.340859	20.95297
ENSG00000003249	30	1.00018	61	0	360.08399	0	0	375.9997	1.00712	12.0821	1.00154	0	0	4.0171	1.00248	0	0	0	1.0018	1.00184	4.03905	0	0	0	0	0	1.00742	0	0	0	0	2.00541	0	0	1.00347	243	135.0000152284	133.10592	14.00493	322.06478	1.00037	1.06545	0	16.259210056
ENSG00000003393	317.21822	389.6493	247.74456	120.6092	857.17194	1.22696	75.9388	215.4009	357.907	3.64807	1.02272	0	1229.15656	655.1845	463.6222	403.7954	250.952	397.78234	2.27552	793.3438	67.26568	593.92084	2.15505	221.0929	177.707621	94.7937	15.7901	463.20815	0	568.38921	1098.76407	23.45833	35.6136	550.815	22.6364	208.7492	15.86802	169.5456	227.83439	129.3152	104.43021	18.6968	123.7395	214.1886805
ENSG00000003400	690.854	551.70642	522.12626	71.75654	2880.0602066	1343.2945	872.0709	429.54390791	1561.54015	1723.2393191	665.35549	3967.19214	664.46768	1265.727866	1499.500906	2187.78888	1812.67201	511.50868	66.2111	1439.01155	873.39968	907.36678	50.0586	1370.9601461	2083.284067	2009.78289592	2881.4823	1119.7052	19.5403235	2740.2659	139.0197	1542.6813	92.5930000286535	2682.5717	1588.2393	1111.2913712052	877.87356133209	574.22192	992.79118	1049.53081	773.01903	182.84585	375.287470052555	999.3748
ENSG00000003402	16238.16175	8294.91739	9541.46596217	9230.50466080081	31092.88844	12220.9569901386	10038.22615	5494.78295030159	7847.3855926	7595.00493	9587.3335	12292.1442	16719.73724	17631.86701	29855.13749	23902.99265	17267.2809	12043.03092	6775.23656	9145.7514	10053.4093	8473.44804	6133.12041003054	11541.570522258	13756.66422	12607.34891	9566.32038	6279.0702270317	19292.39901	7447.0848	8226.08453	6769.69722	11228.4903	8524.171544	4971.9646	18805.0497	21072.45427	18758.87633	24973.94506	15313.49682	22289.4497	12350.222822998	4042.88154	21405.62659
